id,username,password,email
1,nsarah0,QpAnGWlVpnC,dlauxmann0@wunderground.com
2,mexell1,ZQrH2e,adrogan1@businesswire.com
3,spolhill2,pDRqWp,hvell2@dot.gov
4,dvedenyapin3,fOCOvB,probken3@vinaora.com
5,gmcgarel4,eepMUaUD,dkyteley4@clickbank.net
6,dbryns5,6PHUP05k,emacgregor5@usgs.gov
7,sabbotson6,gWJdBVg0,kdrews6@bloomberg.com
8,ttomaello7,lx3MUDjl,clyons7@miitbeian.gov.cn
9,apillifant8,dFS0C0,mphillcock8@bigcartel.com
10,hhouchen9,sWOvEDhx,slauridsen9@biglobe.ne.jp
11,tmaggorinia,KXkHzWJ,aanettsa@so-net.ne.jp
12,aticicb,oWjZWvwkC,tmumb@mit.edu
13,rtunmorec,iigrWhte1l,acromettc@hugedomains.com
14,dchaferd,bB417e,lpaullind@bluehost.com
15,cudiee,IphFfy9,jsilberschatze@statcounter.com
16,sallibonef,52Co3bP,kwiffenf@japanpost.jp
17,jlarkworthyg,IGcXIjGsxB,rdecheletteg@about.com
18,aashwoodh,ZvEgVb,ycreeberh@telegraph.co.uk
19,tmundiei,Q4FIRA829N,lkleeweini@howstuffworks.com
20,coverburyj,oYUqPzQzr,brodderj@privacy.gov.au
21,tgierhardk,0ZAZZ4,nchristoffek@hugedomains.com
22,pbibbl,MxWsI4bC,crubbensl@cornell.edu
23,mbradforthm,4tlyXo,lkempem@examiner.com
24,fziemen,t6KOZgkDMpb,clineenn@dailymotion.com
25,dleadbeatero,eZXtozkf,ymckirtono@yellowpages.com
26,sstirzakerp,yyUaMp,wchristoup@topsy.com
27,wjacobsohnq,berhhZByWg3X,khampq@behance.net
28,ashakespearer,EBp7CSf3,praor@purevolume.com
29,lmurneys,vXGmJQt539RA,vbeacoms@goo.ne.jp
30,tutleyt,eZqHhUaMTz8,egarrodt@weebly.com
31,rosleru,yFwS5XxIriRn,jglasermanu@hud.gov
32,hcoyettv,Jkb5uD,havov@cornell.edu
33,ghudlessw,WgNdHYNwD,myorathw@last.fm
34,mguidonix,rRHay5,kpaulischx@shop-pro.jp
35,mharrimany,BX4h4p0PXF,fhallowayy@vinaora.com
36,bshilitoz,ZqypdCnGSd0,srivelinz@yelp.com
37,mchasles10,tnEWWF81,gdunnan10@stumbleupon.com
38,fsnailham11,8pYtXs4,ewoodrow11@merriam-webster.com
39,mpearne12,GBSJUpGe,rtomney12@sohu.com
40,amochar13,G0fIqBs4,csudell13@stumbleupon.com
41,cseery14,71t56LFcywV,mredholls14@sun.com
42,lstartin15,SNUI81QXxF,dimlin15@apple.com
43,igabbetis16,o6iQbn,hpolfer16@virginia.edu
44,fhanley17,MrbgLl,prowberry17@narod.ru
45,colsen18,HhUNmZ5THLpz,pcarnalan18@posterous.com
46,voakeby19,ufcPwDdbo,rkiltie19@theguardian.com
47,vanniwell1a,YPruWUiMuCk,dparadine1a@buzzfeed.com
48,mliveing1b,iPr3Hqt9FCAF,rfilewood1b@purevolume.com
49,glochrie1c,TqX6JTO,kpavlov1c@dropbox.com
50,pondra1d,ByD2NJ3OoR,agilfoy1d@redcross.org
51,glabrom1e,6VWMY6v6,wzanetello1e@webmd.com
52,ecinnamond1f,kntV3dXiMJA,ekington1f@issuu.com
53,mfoulser1g,kImh5e,astelfax1g@people.com.cn
54,tsteptoe1h,gHSRg06NcFQV,aforestel1h@nih.gov
55,vbernardet1i,xX0GM2M,mzimmermeister1i@theglobeandmail.com
56,fwintersgill1j,QWwgjC,tmctrustie1j@sciencedaily.com
57,jlamzed1k,XsIj3003p,zfergyson1k@4shared.com
58,jreicherz1l,VzTAUWe,bandrez1l@amazonaws.com
59,bbanbridge1m,l7zbhL3hzMX,rpatemore1m@multiply.com
60,fgriffen1n,NrIteV1z,jdaftor1n@abc.net.au
61,skmiec1o,WGcim2sVTis,dspratling1o@last.fm
62,omaior1p,I0Dac2veHG,eexley1p@goo.gl
63,dhuckerby1q,EjAQoLTqmz,mproctor1q@deviantart.com
64,gtilne1r,vzDvD8derrW,ryarr1r@cnet.com
65,wcarbin1s,WNDQdE,wjellico1s@usnews.com
66,cpardey1t,I5LbhX,dboutell1t@hostgator.com
67,nmcgriele1u,Rf6mCJC,cwallbanks1u@facebook.com
68,cbeisley1v,RorXiC3aRS,mtrighton1v@techcrunch.com
69,csimnel1w,SmBBVKJ,dpeddersen1w@senate.gov
70,bsmidmore1x,tJSlYFuz5L,iantal1x@purevolume.com
71,ahanney1y,oGvFD1RbnoVY,mhayers1y@odnoklassniki.ru
72,hmccathy1z,RlSvJdU,jworster1z@yahoo.co.jp
73,gbrimfield20,2cu0Ttul,zwitherop20@wisc.edu
74,elomasny21,TBml3oslTv9H,lshawcroft21@odnoklassniki.ru
75,bbovis22,p9ag2SotH8wA,ckirvell22@opensource.org
76,ntrowler23,kfK2nTuZtV,tseely23@sun.com
77,cdurden24,CN64vwOIc,mrottgers24@netscape.com
78,rasson25,mJxaF3MqgTYG,jvaune25@wufoo.com
79,nblockwell26,q8ok2iSbb,pdjurisic26@sun.com
80,mpreene27,qU2xWsfZ7,agallardo27@msn.com
81,dbeningfield28,ciWMGh97kprM,mfearfull28@cdbaby.com
82,subee29,btdf7CGfEA,bduffin29@ycombinator.com
83,psentance2a,Hx2aRyng,knoraway2a@altervista.org
84,nnanuccioi2b,8aI4qKw,ayeell2b@sina.com.cn
85,tayton2c,DEJ0huIoKjA,heagell2c@sitemeter.com
86,ldabes2d,3rLOOFM3Zx,swennington2d@reference.com
87,laddis2e,byyOsSQ8,erehor2e@nbcnews.com
88,lshillam2f,qWfdw9,ematonin2f@telegraph.co.uk
89,scalder2g,OlTBZlj9wV8,cbuxey2g@elpais.com
90,lspearman2h,BxAIn0Bq0,cgaynor2h@friendfeed.com
91,pantusch2i,OyeFOXsd,shansberry2i@altervista.org
92,tfessby2j,XdcOFe,jhuggons2j@state.gov
93,hferrone2k,h3PJZGtvd,kwattisham2k@tripadvisor.com
94,akinny2l,p0SvKNn2,sshuard2l@nsw.gov.au
95,grozanski2m,uNCORHPTGg0,anibley2m@time.com
96,jbruford2n,dltI0FpzS3a,egladdifh2n@free.fr
97,zhaps2o,ZMz94ix,gkitchingman2o@google.de
98,bpedersen2p,ZNN4Kk7,xsimonelli2p@ca.gov
99,mlambden2q,KcNzOQ,trolles2q@google.com.br
100,tmilburn2r,zDR0izF,esanper2r@washingtonpost.com
101,shaistwell2s,KKA7y5CpcRLS,oviggars2s@paypal.com
102,sgorvin2t,iwr2vI0TC,btaillard2t@sfgate.com
103,kmaccaig2u,KXdqKe,bbecconsall2u@artisteer.com
104,acarr2v,880zm9j3EXA,dmccormack2v@telegraph.co.uk
105,nbeirne2w,EQFx0oZP,fsimeoli2w@homestead.com
106,koregan2x,h2pV1Vj7T,myare2x@wikispaces.com
107,hbowen2y,apiLPt,stallent2y@msn.com
108,glofty2z,GaUMfptYI,ngibbie2z@twitpic.com
109,homeara30,sCsw3F5Xp9ot,paupol30@biblegateway.com
110,jadam31,AVxnf2w,zlonghi31@opensource.org
111,crusso32,2ygZ6Fki83dA,kabazi32@ameblo.jp
112,eseabrook33,LacMs1xjsoF,lbolton33@admin.ch
113,gstain34,LlnbWrZw,rdikle34@bloglines.com
114,tcharnock35,FAfmdgnM,ebrunt35@jigsy.com
115,renden36,qoLmKe2vjV,zhenze36@vimeo.com
116,tbilfoot37,wo5vId6oDwc,ayouthed37@github.com
117,lcaspell38,NAzXDE,cbuttress38@fema.gov
118,arubinchik39,b9dwz2JonV,fcourvert39@51.la
119,ttreble3a,i322zLxH,ggludor3a@networksolutions.com
120,jnagle3b,ycMKs50A,acockitt3b@nationalgeographic.com
121,gkertess3c,y67BPQg,mhaggarty3c@paginegialle.it
122,bcolleton3d,rHdXSl,poldale3d@topsy.com
123,slangham3e,E18ITu,bpudge3e@intel.com
124,aranfield3f,MXAOKon,ldagnall3f@yahoo.com
125,agiacomi3g,SHejljn,cbuffey3g@epa.gov
126,hdooher3h,IUGlFEUhvS,ssleight3h@si.edu
127,dsunner3i,REDXE3M6uFLV,ssuero3i@newsvine.com
128,scastellini3j,N5Rn64AVIreU,ddimaggio3j@weibo.com
129,dabbott3k,trIXv0Ps1,lvassall3k@loc.gov
130,fglencrash3l,IBRXvJzWk,ddanihelka3l@usa.gov
131,wpetrasso3m,I3GeQvE,lcolbrun3m@google.com
132,tcapsey3n,hj6lT6Ia,omenilove3n@auda.org.au
133,jbetts3o,O0WuLUqLhfxc,hverrick3o@elegantthemes.com
134,vspellesy3p,4UcYupZPvajr,tmarke3p@php.net
135,cfeldberg3q,vFLgbfIoS1,etredgold3q@npr.org
136,jthacker3r,c7hHjeEPAkE,sheater3r@slate.com
137,mswayte3s,3UUvCwPq,hrickertsen3s@zimbio.com
138,edradey3t,g1fPqFtWTn93,candreas3t@webeden.co.uk
139,bbartke3u,VIhX1ieG9M,nhunnam3u@biblegateway.com
140,dbatterham3v,jmfObm9pfui,mloud3v@foxnews.com
141,cscarlin3w,Kynm0hLfiYzB,mpurveys3w@github.io
142,kwetherill3x,N9bNYh8,idory3x@jugem.jp
143,psmyley3y,aXwZRlFBJFt,jdyet3y@wikimedia.org
144,esaffran3z,pX6zCo,sharlin3z@spotify.com
145,ejoselevitz40,6tk8wC,jwhayman40@mail.ru
146,achadwin41,KtbyvmX,bandrez41@nature.com
147,ledgington42,QXmTVZm,nglover42@fastcompany.com
148,escothorn43,XXezmmc6B,ketherton43@tumblr.com
149,dchave44,ZYNVlcVG,hgrindle44@cam.ac.uk
150,alush45,sYNjvTArkWUu,smanterfield45@etsy.com
151,ksallan46,yMWnhh,rdykins46@google.fr
152,lkordes47,ltOUDWXVc5,dhorrod47@people.com.cn
153,lcalderhead48,c6sxjcOra,patkyns48@bandcamp.com
154,tzaczek49,oZAPY9,jguitte49@scribd.com
155,kchyuerton4a,sQdpFN,ldear4a@smh.com.au
156,nbrodbin4b,UPpkR69bTle8,amoxon4b@networksolutions.com
157,jpullinger4c,kMfxNcUCpXC,bstonehouse4c@shinystat.com
158,ngehrtz4d,s1hjeI,dbellingham4d@adobe.com
159,rhuddle4e,mtRvIF,kgerding4e@myspace.com
160,adailly4f,TBHOfXU,rsmeal4f@salon.com
161,clie4g,AYoBgdYi0qXw,kashbee4g@google.ru
162,eleahy4h,vgcOAN0lRe,htydd4h@chron.com
163,dtemplar4i,wYi3y4Bgy34,ealesio4i@salon.com
164,iwooles4j,RLEiBoKVWk,oesgate4j@yellowpages.com
165,srudgley4k,B4lzVVy,echamberlaine4k@economist.com
166,sbusch4l,i4Xd3tPqe6v,dmckeveney4l@illinois.edu
167,nrois4m,ZxAdmR,lgorry4m@youtu.be
168,egoligher4n,i3IQQXG,rgodlee4n@free.fr
169,wviegas4o,MTSBTaT1yXp,rwhiting4o@over-blog.com
170,vmackelworth4p,QJ30NodwJhy3,emusterd4p@goo.ne.jp
171,knelligan4q,NgFUcIBTH9K,alammin4q@etsy.com
172,tfelip4r,E2IlExo,tkimble4r@ucoz.ru
173,kmealing4s,KK8kpV41SljH,ssalliere4s@toplist.cz
174,ggarrold4t,p8HAFcXs,tszymaniak4t@discovery.com
175,mtwitty4u,vVS4F6ECk34J,jbirdseye4u@google.com
176,dvolcker4v,0uQJb9Hp,rbulfit4v@360.cn
177,hchislett4w,LI5KjRNOsd4d,lyanele4w@msu.edu
178,cberntsson4x,3FYJ1Ani,sesser4x@feedburner.com
179,eshimony4y,6P77y8c,lesmead4y@fda.gov
180,ebannell4z,8dxmdgQQwsU,fmclugish4z@elpais.com
181,aglantz50,4sTJw8D1UU,mlepage50@linkedin.com
182,nsessuns51,6k83HdsIiF,terlam51@hud.gov
183,fcorinton52,mVXHeNBbdm,cboldecke52@trellian.com
184,llotte53,NLfZg6ppqg,kwinn53@1688.com
185,hcoxhead54,cHM1zND,cpearmain54@dyndns.org
186,imaddicks55,v4CXGfmkBKa,gcrossthwaite55@bloomberg.com
187,ofermer56,aYodnwErlapK,elegrice56@seesaa.net
188,bdegiorgio57,H4DU2AfO83LF,udanford57@dedecms.com
189,mmacias58,7qGGumR3PD,kcohn58@vk.com
190,scooley59,GThaTi,bmordecai59@i2i.jp
191,gkirton5a,nS818Mw,gjonsson5a@icq.com
192,thastie5b,mjat17,htoppas5b@google.it
193,pjoiner5c,xRqOdYlp3D,jofield5c@google.com.hk
194,akarlik5d,OKyajT,ipaschke5d@cbslocal.com
195,tduthie5e,NhoFzdlC4,mhamments5e@apple.com
196,centres5f,190ZBUy8lTt,ywaszkiewicz5f@facebook.com
197,fleggott5g,rCEtldW67Q,pfakeley5g@ucla.edu
198,zjeffress5h,whbmV5f,jvoce5h@apple.com
199,icasburn5i,XbskoQi,gdesantos5i@spiegel.de
200,tpeal5j,7D63PLUdVut,tspeechley5j@icq.com
201,wfettes5k,fWwD9mZj2q7C,opodmore5k@psu.edu
202,mspurgeon5l,UqFOGkt5C4U,bhallin5l@buzzfeed.com
203,nfilip5m,PB4zTypcO1,tblodgetts5m@studiopress.com
204,everni5n,sEnqxmu6Bsmi,asilman5n@marriott.com
205,sphilimore5o,qeW2BYLa5y,whiscoke5o@yelp.com
206,mraycroft5p,QwsJnab,hwanek5p@deliciousdays.com
207,dweich5q,GLSl7zvCdOWC,maxtell5q@bloglovin.com
208,bfernant5r,zXhbmz,jchessil5r@canalblog.com
209,shaggett5s,kFGGyhdt,vpeyto5s@cbslocal.com
210,jpestell5t,gOuW44,lcastanho5t@123-reg.co.uk
211,dlower5u,OobPVzdoJcu,slewing5u@sun.com
212,ethaller5v,x9XUMRY7h,eharry5v@storify.com
213,aosiaghail5w,KrWUP9FwvFQ4,kadamiec5w@deliciousdays.com
214,cvuittet5x,VYAotlp,krudman5x@bloomberg.com
215,odowyer5y,13ucEVuv,adracey5y@vistaprint.com
216,gboriston5z,ZGbHoTCSAgiM,kmacgarrity5z@360.cn
217,rswiffen60,NyCCPwMw,myearne60@businessinsider.com
218,sshapera61,r4RgvUOW3u,avobes61@geocities.jp
219,itranckle62,O9yX9QC3rfml,fcalcut62@nhs.uk
220,cmclugish63,DBW4I6CME,dbuckie63@ucla.edu
221,pyglesia64,KpFZmyz13b,cshallow64@yandex.ru
222,bdugdale65,kt4YkFY,mhinge65@acquirethisname.com
223,lemmer66,vW2GR0k75vb,rjoskowicz66@fema.gov
224,wroll67,ihZRk4,nmccreery67@comcast.net
225,rhatrick68,69G4vUT2evqT,calldread68@yandex.ru
226,vjoselin69,pFrui3zfCE3i,lpreshaw69@tmall.com
227,mbough6a,fHABmYgt,varrigo6a@weebly.com
228,edepke6b,heOgiM7lOr,lgirkins6b@sohu.com
229,jrotchell6c,KQDWna,mstoggell6c@addthis.com
230,gjenk6d,utVQP1KOZ,dpickin6d@deliciousdays.com
231,flacheze6e,lWC4nedLl2oD,olethebridge6e@studiopress.com
232,rsewart6f,WcmQaEnp,rcoper6f@so-net.ne.jp
233,shabert6g,6PdIMTPCp1E,mdarwen6g@angelfire.com
234,daspel6h,z4DBQPQ1wYcx,aungerer6h@e-recht24.de
235,isimeone6i,BlQPDrILAJbF,eeyes6i@state.tx.us
236,tmockler6j,ZY20xFZTcCc7,cmargrem6j@vistaprint.com
237,srizzardini6k,q2LFhONk53,tserrurier6k@comsenz.com
238,celsley6l,Gg256uBeuDQ,dspawton6l@godaddy.com
239,hgayden6m,HONq0I29x,hfullick6m@uol.com.br
240,wfoulks6n,eu58Jd,prapsey6n@amazon.co.jp
241,hsirr6o,upFz9V2,kogborn6o@globo.com
242,cdelieu6p,QBtomwQtWl,bjukubczak6p@i2i.jp
243,rreeman6q,yBcVOwn,salderwick6q@hhs.gov
244,hdilkes6r,cpv9nSadB,plilloe6r@wunderground.com
245,njessard6s,ZdYjlI1R2,kmcmillian6s@seattletimes.com
246,avernham6t,l3ozFrJ,tlevay6t@gmpg.org
247,cfallows6u,dy5kI40YX5,tgamlyn6u@surveymonkey.com
248,tharte6v,KvN5Qa3EDUnW,pjancy6v@t-online.de
249,oelnaugh6w,887CnwfQTdm6,dlangridge6w@ucoz.com
250,sroskilly6x,3qY7m6W30,yeldered6x@webnode.com
251,apaskell6y,Aey6mSlVgG,kgumb6y@joomla.org
252,elargent6z,HHCAOssIfV,cwhyborne6z@apache.org
253,kgossage70,wWVxKhzn,lbrickstock70@histats.com
254,adymidowski71,rqQahuhhPG,dpracy71@cnbc.com
255,ckarlolak72,SYlVK5Ry,ahattersley72@wikimedia.org
256,phackett73,7cxxV7ToJTS5,jbabalola73@scribd.com
257,jperfect74,m8MQbTqF,lloble74@ft.com
258,estooders75,P660AAX,pdrysdall75@is.gd
259,rmansfield76,fsXEzJ,psmittoune76@scribd.com
260,smounch77,9O22rB4MNDa,lreese77@slideshare.net
261,nbills78,ywSk0ZccB,bdunrige78@sphinn.com
262,stompkins79,UanCX9q4c,tslyde79@foxnews.com
263,lcarwithen7a,E1G2kiC,shainge7a@nasa.gov
264,meschalette7b,Z4N9RGN4,lbadrock7b@etsy.com
265,lbrewis7c,Ffs7DQCLd,cvansalzberger7c@privacy.gov.au
266,esaffran7d,qoDBmwJ,pgrubbe7d@e-recht24.de
267,nsutherden7e,9qOehiZ,lkersley7e@noaa.gov
268,mcorbishley7f,fhjZjFy612,oheilds7f@narod.ru
269,braggitt7g,FoIDlgd8,amarple7g@archive.org
270,akleinplatz7h,YeWof0,pconti7h@cdc.gov
271,dgreatham7i,RfFOoSTVc,jdubery7i@sohu.com
272,wpearcy7j,GJOo2fgB,dblaisdell7j@sciencedirect.com
273,mcardis7k,03FgS7w,jphippard7k@ameblo.jp
274,shamnet7l,E6c9a0sS,benoksson7l@facebook.com
275,nsivyour7m,3Xue4WoXqpDN,tbertson7m@cisco.com
276,wtubritt7n,KRovYBRt,cmckane7n@reddit.com
277,rsewell7o,B9WjOfr3Y97M,bmozzetti7o@vistaprint.com
278,kpenson7p,DM8qrlQ7t6V,cgodball7p@rakuten.co.jp
279,gshinner7q,4QKmO3js0Ut,atait7q@livejournal.com
280,oleadbetter7r,jxK2vQSM6Gm,blongstaffe7r@fotki.com
281,aivanyushin7s,CowxIf6J0hKH,tbroek7s@statcounter.com
282,aleadley7t,Ye8FnQYPzoH,ekroger7t@nyu.edu
283,dblackly7u,xnh4FNnEE3,flugsdin7u@joomla.org
284,amccandie7v,JRqdDo78lkl5,ldeakes7v@goo.ne.jp
285,adumbar7w,CppA4U0,dcremins7w@360.cn
286,abrosetti7x,QARcP35HA,rrentelll7x@mediafire.com
287,bmathie7y,hnNuBj,hwitch7y@unesco.org
288,gstallebrass7z,dYNGq4R,rtumayan7z@constantcontact.com
289,cbank80,Zz0kh3w,vpimme80@ihg.com
290,bbrocklebank81,LIQyyi14tnW,eheaffey81@squidoo.com
291,lbrislen82,A94c2z,bgrioli82@seattletimes.com
292,smainstone83,RMQaBqN5,kbaroux83@pen.io
293,vcastles84,bKA5PAkh3xw,ncorran84@wikia.com
294,cworts85,aQ5HQZ3aqyyE,mkitchenman85@columbia.edu
295,sdriutti86,NIhuDw,rmarusic86@webeden.co.uk
296,wtrorey87,ftUxoOg,bcheetam87@state.gov
297,ileroy88,iTpHsCS7RK,ikissell88@bandcamp.com
298,dlumsden89,RJLP0H35,hheinicke89@lulu.com
299,ddurnall8a,DZdibiieKu0O,schettoe8a@ibm.com
300,dipgrave8b,41XOCO,bzeplin8b@shutterfly.com
301,cgelder8c,EVx64Wm77YO,bpeaurt8c@chicagotribune.com
302,darghent8d,9cr3dO,osibbet8d@cocolog-nifty.com
303,wvalintine8e,udWMPRnx,ddaville8e@com.com
304,pbartoszewski8f,NvV4wuh2iW,flilford8f@taobao.com
305,aquick8g,uBQO1vqP,akaret8g@google.pl
306,rasser8h,oX6R9KoyS,kshinfield8h@histats.com
307,aarnaut8i,5Hk9IzE,krutley8i@eepurl.com
308,should8j,P56IIbpZ,rmacmillan8j@51.la
309,mlindenfeld8k,CKhlyb1dNDbC,tstleger8k@fc2.com
310,gwhiting8l,9wujTE4,dpalin8l@accuweather.com
311,cwalstow8m,gIbtzCsPqEcK,myakobovitz8m@nifty.com
312,agoodison8n,82VghRQCp,mraffan8n@sciencedaily.com
313,sticksall8o,l2voJe3,acinderey8o@illinois.edu
314,lheckner8p,IjdNTrzXmhs,mbatham8p@jalbum.net
315,kmcroberts8q,gCfUtU3,bthomelin8q@ow.ly
316,achaman8r,CnEC3pQx,sghelarducci8r@columbia.edu
317,ykeilloh8s,wOUZzj,elipscombe8s@delicious.com
318,rburds8t,IRKszbZur3,csallenger8t@fastcompany.com
319,vstarford8u,R32UYklbdNHG,dlambarton8u@liveinternet.ru
320,fgostage8v,I7RXCHCUeB8R,killwell8v@cloudflare.com
321,wsteventon8w,oESRmZqMFO0,eregis8w@stumbleupon.com
322,cjarret8x,0yFcPx2B,slidell8x@alibaba.com
323,agwatkin8y,8DCaGIqMAGE,sgarn8y@paypal.com
324,switcomb8z,bxXyrauMmfOd,adoul8z@edublogs.org
325,dtuson90,FqumINDN,btebbutt90@google.com.hk
326,bcohani91,YrriG8WMo,mcaley91@geocities.jp
327,cpigram92,KhN4VfYG,nquoit92@independent.co.uk
328,vmcglaud93,ubpHssE0,bduffill93@amazonaws.com
329,ahadwin94,HCaHYgHwYV,tredolfi94@mozilla.org
330,cizzard95,iWGH4z,efarlowe95@mashable.com
331,shenricsson96,KPaZLw,dchamberlain96@youku.com
332,jlardez97,Tew1qip,sreace97@webmd.com
333,bveasey98,7zUqNN2i4,mcope98@elegantthemes.com
334,tculver99,iVfLNZ4M,cleithgoe99@ftc.gov
335,bsheringham9a,dbb4JGlTEC,cbursnell9a@yellowpages.com
336,mwillison9b,5eHR4pFjMyBo,crzehorz9b@sohu.com
337,adamrel9c,pU0u48h,lharmson9c@example.com
338,byell9d,XLPZ84ITd,irooze9d@woothemes.com
339,bscutchings9e,k2o8KLQz,zgodfray9e@amazon.co.jp
340,mottee9f,mzAb06uE,fgioan9f@tinypic.com
341,areville9g,x8uXPyOf,hlabbez9g@t-online.de
342,lmacaulay9h,67aI8ZoB,eclemencet9h@feedburner.com
343,rwarre9i,gdjQblkzzdey,pkilleen9i@ftc.gov
344,owhiffin9j,PXhxorbzMD,ggland9j@theguardian.com
345,pkalkhoven9k,E99YHja0kqTy,rologan9k@salon.com
346,pghelarducci9l,aQwci4Ng,aokeaveny9l@boston.com
347,gmeriel9m,SVMM2sMR,fboughtflower9m@php.net
348,gtimmis9n,RQVDgFw1Z,mglusby9n@harvard.edu
349,bdobrowolski9o,Lu4EpmZ,docorr9o@fema.gov
350,pjervoise9p,6O7bL2ihrvw,isurcomb9p@amazon.com
351,aveivers9q,yOhsh9X,cjephson9q@alexa.com
352,ogreengrass9r,KT37Y5tM2,jtruswell9r@reverbnation.com
353,lcrosetto9s,81oj6Dsj,ecamel9s@zdnet.com
354,mmaroney9t,0ZMlWlO,mtudge9t@ucoz.ru
355,jmeldon9u,Yel6PhM874t,cbimrose9u@oracle.com
356,lcancott9v,Zwlx3WtogFKR,kskehan9v@discuz.net
357,rgravenall9w,9pEiBudu7kP,sgilloran9w@berkeley.edu
358,jadaway9x,6xuKQpsG,pmcmurty9x@unicef.org
359,hpolhill9y,7pKoE4,wvandenvelde9y@unblog.fr
360,dsimants9z,plqb84e,ehaggerwood9z@ox.ac.uk
361,otampiona0,AAKpxCobVKw,vwatera0@ftc.gov
362,pfalknera1,B1sNc2rc,lveltena1@mozilla.com
363,mtriplowa2,0h3PMJ,valdhousea2@economist.com
364,chansleya3,xJpd6caoDLp9,akillena3@ucsd.edu
365,tcreboa4,IO7oHUhW0,ckleena4@apache.org
366,pfarndona5,e6LOapMcc,mdomenguea5@columbia.edu
367,mortegaa6,It5XzSBNBALn,morhrta6@trellian.com
368,psciacovellia7,dHefCa,macutta7@reuters.com
369,hpashbeea8,ix0T8E,mgarmana8@craigslist.org
370,aschwandera9,RMYlQoV,wanniesa9@census.gov
371,tjansieaa,6nf959Da9,dsandersonaa@xing.com
372,corpwoodab,T23z5B9FPe,cdumbrellab@youtu.be
373,msiddonsac,Ke7v80L9gIK,rlegatac@pbs.org
374,adummiganad,YTzC5YAbX,twinchcumad@ustream.tv
375,ktesdaleae,J64sabTG2nB,mraoae@intel.com
376,krotheryaf,ccQEOA,kmattusovaf@yelp.com
377,nsprostonag,PjdO7X,tlowersonag@wordpress.org
378,wcowlesah,qxyWwl,nedmonstonah@naver.com
379,halpsai,RCnRgI5IWJ,dbaudinoai@tamu.edu
380,fbevanaj,PV9uWviCwl,kstalmanaj@comsenz.com
381,oetonak,SqCuZPG2Qxdj,ffairburnak@tiny.cc
382,rattleeal,rYjiCYX,atoftal@nyu.edu
383,mpomfreyam,pJ0TJ4KFU,jmacmeekanam@vimeo.com
384,rfoanan,zX4KVOo,gmacconnechiean@tiny.cc
385,ilempertzao,Z1uIz6dRIE1,nwoganao@ebay.co.uk
386,pcuellap,G2eMggg79z,ckasmanap@si.edu
387,jbredburyaq,9zFk04Z6aIsX,dantrobusaq@mail.ru
388,dsweetar,0p5dCmg,gbaiteyar@vistaprint.com
389,ptollertonas,gEn4sjwAr3n,pbattyeas@mashable.com
390,llorenteat,X3nYnWQ7xWI,gbartczakat@dell.com
391,tahrensau,NaRhPjZuFj5R,lmcrorieau@constantcontact.com
392,alowndsboroughav,8eE2u1jyVnj,tsayerav@joomla.org
393,lmaitlandaw,9QyUEYmi,agunnellaw@dedecms.com
394,njoslynax,dQaQDhQYNe,tcosleyax@huffingtonpost.com
395,svanezisay,OjCJVlavKbQS,ksoaresay@google.com.au
396,iziehmaz,yyakjIrF7,bbunneyaz@wsj.com
397,fmatusevichb0,uZmw1K,thoveyb0@t.co
398,ncodab1,CSuOZnejfR,cdinningb1@cyberchimps.com
399,baxtonneb2,RK7B7rDXge,bpedronb2@people.com.cn
400,bdunsterb3,ny1CQfT2qdp,jlambrechtb3@bluehost.com
401,dtrowillb4,1ylE0Zu,dbankb4@msn.com
402,amckinieb5,ZbwIMzPL7tD,gconachieb5@usatoday.com
403,bstaddonb6,nSV8Fa,bbisacreb6@msn.com
404,brojelb7,OybOnax22Rk,asambiedgeb7@clickbank.net
405,mcushb8,ju8rmy6D,ejimsonb8@yolasite.com
406,fnardrupb9,htrsXGX4ZB,lbohlerb9@instagram.com
407,ccoulesba,CA0jOLddC,abeatyba@wufoo.com
408,cashforthbb,EDFIlMQVAoAP,ejasparbb@gov.uk
409,ietchinghambc,lbTDL1,dtangyebc@desdev.cn
410,esauvainbd,kyEK3MwEu,tlevisbd@gmpg.org
411,kculleybe,zG1HQ039,lprentybe@skype.com
412,rmolandbf,B2Sm8D0wEq,ebriskerbf@tamu.edu
413,cmandersbg,cFNv6KcS,aglamartbg@surveymonkey.com
414,aplemingbh,aWJT9NAnw,mulyatbh@wordpress.com
415,bbenardeaubi,1BcVJ0,dsawfootbi@google.pl
416,eschultzbj,G2aOfOxcF,cwhaymanbj@prnewswire.com
417,tmarkeybk,I3ulp0,kchamberlaynebk@arizona.edu
418,mmongetbl,5vDllMa6jMEn,nondricekbl@github.com
419,jhowellsbm,6PGyLdcZTC,nnellbm@ifeng.com
420,rgilleanbn,AUXkZRA2Z,cteeneybn@alibaba.com
421,wbatebo,T0JxMfdx,ccanacottbo@pbs.org
422,rstrangbp,QtFMoeJlkJ0F,abattbp@scribd.com
423,kpratorbq,ijM4VfQjkz,bfeldbergerbq@godaddy.com
424,bstephenbr,fsAANu,pbowlebr@cbslocal.com
425,igoldhawkbs,pRlcaHPHNB8e,nthompsonbs@meetup.com
426,ppestellbt,T1fMyD69ks9m,adesvignesbt@sourceforge.net
427,bcarsbu,Zrpyfz,mfearonbu@w3.org
428,osowerbuttsbv,lZ1B7zNh0Q3U,pwhittockbv@etsy.com
429,eheinschkebw,klkL2l,bcromartybw@google.co.uk
430,ccafferybx,UyjrCsJ,cnicollsbx@weather.com
431,astummeyerby,ltkuka,mtrammelby@bizjournals.com
432,jtortisbz,OQVExx1mxfY,rbelfitbz@oracle.com
433,kbergec0,y2TITA406vdc,adessaurc0@google.de
434,fspeaksc1,YbKDhpJ,csankeyc1@godaddy.com
435,rthowlessc2,pnUyiiT,ejuppc2@weebly.com
436,akopsc3,0PZBrMRySs,ohenkerc3@washington.edu
437,rmunghamc4,5IpIKRSG,dclaricoatesc4@oaic.gov.au
438,fbagsterc5,tcxA8V6,ifansyc5@who.int
439,smaskallc6,kMdlNrXvJE,mbevillec6@nymag.com
440,jjurgensenc7,UmCfCj,jspeachleyc7@is.gd
441,wthynnec8,04GcfZrnt,hmilac8@chicagotribune.com
442,fkestertonc9,A6s22JLPd,cwilcoxc9@example.com
443,thobbemaca,gsy2lGj,esenescallca@cnbc.com
444,jhakingcb,Oycg2XtUJUk,mswayslandcb@devhub.com
445,tcottiercc,RbIqNBGpCVf,kscoonecc@indiegogo.com
446,prosecd,NW9X5COsMa,kducarnecd@hp.com
447,phamlingtonce,p8owLtnXLxYi,tarnaultce@bluehost.com
448,lcoalescf,TZUd85pFU5e,dzuponecf@chicagotribune.com
449,bbuttgowcg,H1OQbj1C,emacturloughcg@bloomberg.com
450,jfyfech,EPHR7R4nXYb,fraynerch@youtube.com
451,osnashallci,A4vsjEk75B,dnarracottci@baidu.com
452,eadderleycj,phM9iglLZ,mmanvillecj@shop-pro.jp
453,jpentercostck,IIXyHadyE3,mmactrustyck@goo.gl
454,mswaytoncl,SNpLACLHb,scowndleycl@bing.com
455,bcloycm,dXFmnud0Z,vgilfoylecm@netlog.com
456,cleteurtrecn,A7UkAkn,swhyecn@google.pl
457,ddanilenkoco,9E4NhiGt3j,hpigeonco@slideshare.net
458,mlegricecp,q5txYr,hbelvincp@wikia.com
459,kyitzhakofcq,7ZAWaZxj1i,vparffreycq@nydailynews.com
460,vdaouzecr,dx5C99au6,lferrycr@addthis.com
461,zisworthcs,EzR6zC0,afittoncs@businessweek.com
462,ecallawayct,2jBZPDWkIF,acrossleyct@gov.uk
463,bpinkscu,JrScXYPYAJ5,bnaveincu@cocolog-nifty.com
464,ccurnokkcv,F4Jmyda,wdugoodcv@walmart.com
465,lcansdallcw,oK6v6xAh3an3,ireavellcw@odnoklassniki.ru
466,cmacglorycx,kZeVgn9,kbladgecx@apache.org
467,lmartinekcy,vcYK7eLWb,veriecy@theglobeandmail.com
468,cghidotticz,S8hA0v,iredmaynecz@goo.gl
469,gkerleyd0,7bISK3hQMyxj,kbazelled0@cnn.com
470,mandriollid1,kiZAKIl64,frudhamd1@engadget.com
471,kriccardellid2,yK0BcCIWj,jmacmeartyd2@guardian.co.uk
472,jnellesd3,Dgc7KJyrYtFD,colexad3@patch.com
473,rblowickd4,7nkjxm,tsedgemondd4@globo.com
474,icasajuanad5,Yyj9e7XmlMO,fdanettd5@buzzfeed.com
475,mordd6,p0hINVLTkH,nfollingd6@gov.uk
476,atregead7,JOfr17,iburminghamd7@yandex.ru
477,wchinnd8,nUrmyy2T,ssmurfittd8@edublogs.org
478,kgadeauxd9,Zj4ZxcxpXAR9,sroscamd9@zimbio.com
479,sroblettda,gLsGR9G3Af,mfoucherda@qq.com
480,ckordesdb,vBylINw4N,jstoutdb@youtube.com
481,cnisbithdc,nqjI6bYS,sshillabearedc@pagesperso-orange.fr
482,oheggedd,wfqqX5,mtrevaindd@seesaa.net
483,mpattonde,EGsOFDfpM,vternottde@is.gd
484,kgalvandf,d7boFfICc,ncromleydf@amazonaws.com
485,sostridgedg,OSvISi6,tglazebrookdg@theguardian.com
486,wsolesdh,HvgkGJ6i2l,bbroyddh@artisteer.com
487,xcamelldi,pvgARDa,ghebblethwaitedi@quantcast.com
488,sjouannindj,P7WVFL,kduignandj@naver.com
489,ajoselevitchdk,e8VYHu3z,llamboldk@washington.edu
490,hburdindl,Va7PCI67c,vpudgedl@acquirethisname.com
491,bbentjedm,Ts3UVHe2N,sdovingtondm@people.com.cn
492,taronovichdn,C27les0E5c,tbirkdn@addtoany.com
493,rglanesterdo,gROoHn2UPCZ,gsouthwickdo@moonfruit.com
494,cjeyesdp,vP2bRFNkaVo,cshrubbdp@squidoo.com
495,gwinpennydq,aMcaNxiOs,kstaggedq@epa.gov
496,pgavinidr,S9zVTZPiug,bwhightmandr@soup.io
497,gduerds,XGBpP8c,oguerrierids@imgur.com
498,mmunningsdt,wLhDk9,noshielsdt@scientificamerican.com
499,bhockelldu,jXsZAHbeR,bstowdu@google.cn
500,dlautiedv,aR79QGhi3,npotterdv@dropbox.com
501,hdekeepdw,ETpyfAX,sflipsendw@omniture.com
502,fkidsondx,hL4e2obLnP,adellardx@ask.com
503,egentschdy,4vtUu4eu0g,blevertondy@yellowpages.com
504,dpelosdz,Zau2SvWv,smcclellanddz@php.net
505,mcellonee0,0bYzphvZs8c2,jmurrhardte0@51.la
506,htallente1,g1GABZeon,dpalmere1@is.gd
507,ccockerelle2,XAvNIei,jmcquillane2@japanpost.jp
508,amactrustrame3,5pNwaqMwSRV,apinkarde3@technorati.com
509,kbastonee4,jO7crjtvTSq,jwheelwrighte4@hexun.com
510,blynne5,w32xIes,emoggiee5@hao123.com
511,bsawerse6,BSWilALcT,sboldocke6@altervista.org
512,ctalbye7,rizZhjE,cmcgeffene7@thetimes.co.uk
513,bkestevene8,Cv9o1IR,mpurveye8@youtube.com
514,rkembere9,mHfTixF9l2,hjochananye9@netvibes.com
515,mbadbyea,KJzXS9yfRPoj,mcampoea@hubpages.com
516,jbanburyeb,12qp4xG,craybouldeb@amazon.de
517,jmartignonec,leUiaXqv4haX,tninnisec@usgs.gov
518,lbillsoned,yxleStc8nX,epeileed@amazonaws.com
519,pjellee,mfIvFaBF0Fm,twoodersonee@google.fr
520,lburkinef,tW8aL63U6,icollumef@apple.com
521,vwarbyseg,Fb4VNJO0lN,hpowlingeg@simplemachines.org
522,leagelleh,qzVUnWDf,gfiddlereh@mit.edu
523,edockrellei,srjVnCqJ,rstumpei@wikipedia.org
524,gdalgettyej,pigAspV,gwayteej@tiny.cc
525,harrolek,0BAe6Xv,dfriftek@ameblo.jp
526,nnorthleighel,ldFi7T,jkebbellel@princeton.edu
527,ahaszardem,HuftFG,rsloaneem@mayoclinic.com
528,mapdellen,gHetE293,ggrederen@last.fm
529,cwerendelleo,JTpAovQmei,emacveigheo@businesswire.com
530,legreep,wbGFbYxOE,lromaynep@fotki.com
531,kparkineq,lB0BtDUoH7,tpiperleyeq@shinystat.com
532,vepsleyer,cCRCjl,ugorthyer@upenn.edu
533,aphilcottes,7LomEjtScPp,tpasbyes@youtu.be
534,craultet,7eGZJS8872D,jvaiseyet@about.com
535,eriellyeu,VPAyIWV2jLs,dtraiceeu@psu.edu
536,bwilsteadev,xD3EbHWO3d4,gwofendenev@weather.com
537,sbooiew,ESQbqmqPT,bhalsallew@army.mil
538,rwrothex,dee2gSRr,dcorrieaex@sakura.ne.jp
539,stroyesey,DNbsDt1wRgHJ,gvolksey@adobe.com
540,udilgerez,XPd9syYII,qjewessez@epa.gov
541,sbarwisf0,aVg5VpdyyV,neckeryf0@unesco.org
542,rblaaschf1,EAS0zWl,lcorkanf1@seesaa.net
543,dlivingstonf2,yLdL4mVemRE,fhinerf2@facebook.com
544,cmuscroftf3,13N8IVlS,kdastf3@mozilla.org
545,rboheyf4,aSJXZrU,fwenbanf4@qq.com
546,ghattersleyf5,tTI9GU6,qdohmannf5@smh.com.au
547,emynettf6,v1M0dUIl3WZ,kjeanf6@webnode.com
548,ddeniseauf7,Se4seEt1,wingmanf7@is.gd
549,cbedellf8,2F3imAUC,cnerneyf8@sakura.ne.jp
550,fbeedellf9,j5lpKZHzW,bscanef9@fc2.com
551,ojoblinfa,Ed5peuL,kgeneverfa@addthis.com
552,smollittfb,ThImOkivZiS,mrolfsfb@smh.com.au
553,kblivenfc,kMvB0JJVF,sstylefc@tamu.edu
554,mdickonsfd,OkGlF6xQxIs,gabrahamofffd@prweb.com
555,hsenchenkofe,6tuep7,jpatillofe@gizmodo.com
556,ftomaskunasff,OvYj0w,mvockingsff@unblog.fr
557,tspourefg,coVV5aLt3JK9,shatherillfg@auda.org.au
558,nrushbrookfh,IqaIL6zNKwD,bscottingfh@yale.edu
559,preyfi,bkyiiJAF,cclamptonfi@dedecms.com
560,dcapnorfj,dwTk33,msollettfj@desdev.cn
561,sbiersfk,umf77bltxy,jorvisfk@seesaa.net
562,ddsouzafl,TgffVuG8wBj,fbachmanfl@rambler.ru
563,mnewmanfm,cCsqIDm8,khadgraftfm@spotify.com
564,bbasirefn,mT6ke9U6qcL,gcazefn@hud.gov
565,mhitterfo,1xUGGBbfYJV,ajardeinfo@gnu.org
566,kcondiefp,b8REDh,hfenneyfp@prlog.org
567,nstroudfq,4Eu7C88nkIN,hduddlefq@google.co.uk
568,jgurlingfr,A7i4vhiw3NGn,sfinefr@mit.edu
569,dmcjuryfs,TgSCxQ,hsladfs@live.com
570,nbedenft,Po1TF39X,leatockft@ed.gov
571,mbelchemfu,1Q5XpQ,qlaskeyfu@technorati.com
572,rgarwellfv,CKgyYYj,sglencroschefv@auda.org.au
573,pmeechfw,rSHNsyPrbdI,dsawyersfw@last.fm
574,hhaskerfx,bOAMKJVOoqu,mtrillofx@purevolume.com
575,sbrucknerfy,lrrsFc,ssylvainefy@zdnet.com
576,gfakeleyfz,gjgunGHy,bmeasomfz@hc360.com
577,cmcmurtyg0,T2sDnkkaEXO0,jbaddeleyg0@washington.edu
578,vhazlehurstg1,MP5egcLbPdYg,settridgeg1@webs.com
579,fcecelyg2,tRWjf8kBp,bandrockg2@cisco.com
580,moniong3,S0wi4cR,gmacaughtrieg3@google.pl
581,shalliwellg4,lC3vtkNeI,dhuskg4@mediafire.com
582,apancastg5,1lu2EiJhnL,kbolterg5@studiopress.com
583,mkrollmang6,Rqnz3tox4OBU,smawg6@yellowpages.com
584,asalkeldg7,pqTlIv,jwillavoysg7@bloomberg.com
585,sashfoldg8,tG7tkYQ,slawesg8@squarespace.com
586,apickleg9,0TXi0cCbuYz,pwaldrumg9@cyberchimps.com
587,gboylesga,II6GQAGx,lkirvinga@wisc.edu
588,sgwythergb,IR8DwA,elarkingsgb@bbc.co.uk
589,slucksgc,smVuH1MqNs,dseckomgc@virginia.edu
590,channahgd,rDsMZRRBs,mmacwilliamgd@networksolutions.com
591,ymceneryge,J1HtkSRNh,mrudlandge@opensource.org
592,kruncimangf,nlMeIFH,dbilliongf@ted.com
593,grabidgegg,KRpNfaJ,msivyergg@cafepress.com
594,roconnelgh,mX97l0D6W2rN,mcarahgh@goodreads.com
595,ccurrangi,OiXEUlF8K,groggersgi@berkeley.edu
596,rlawrinsongj,qVegHnz,ghughfgj@scribd.com
597,smcmillangk,i6bzenvZ,rgeertsengk@dedecms.com
598,tshallgl,sAmY8zU8JX7,aocorrgl@surveymonkey.com
599,fcorteneygm,TLQhnq7wVHup,cadessgm@yellowbook.com
600,hmoraisgn,VMMPIzsU,afilewoodgn@google.it
601,ekillengo,w65vnIdZLp,elilleego@gmpg.org
602,mruegp,sryhbHd2z5fc,ekobierskigp@nps.gov
603,dhearlgq,XouEOuktV,ghuncotegq@google.com.hk
604,jgreenshieldsgr,1DEbK1B,lclemowgr@tumblr.com
605,omerringtongs,Gq6mQTw,noxboroughgs@unicef.org
606,bhuyghegt,GosAkkGGE,ymaccartangt@xing.com
607,hgowengu,OuogHF,bowaingu@shutterfly.com
608,cbroughgv,hNrCsIaE9aK,pemmettgv@webs.com
609,mshanklandgw,hpOy1aYBDV,mhibbartgw@t.co
610,dmcfarlandgx,vfwgU8c0hb,bashboltgx@telegraph.co.uk
611,mlawteygy,HXxRqowsec,tcuellgy@samsung.com
612,eeyamgz,ygXxk4A8l,dwhyleygz@who.int
613,mhounsomh0,NVabywy4c8,fhabbijamh0@github.io
614,sbeddowsh1,UH9XupwxX,kgibbh1@census.gov
615,dcraineh2,ifCr3qmqhx,nmattheissenh2@jugem.jp
616,jbaudich3,nKGxJ31iU5f,rbardillh3@state.tx.us
617,gpetrukh4,JjnrHNtbY9GW,acartmillh4@washington.edu
618,dtownsleyh5,HIy3WAZquG,ibarreauh5@delicious.com
619,sbehnh6,s2jxlI,bclausenthueh6@sina.com.cn
620,pbarszczewskih7,fzLSdImC,ofeildh7@vinaora.com
621,arippingallh8,PN5AXTruL,bbrandth8@dyndns.org
622,llangfordh9,9QExiZ1IAwY,fbastickh9@eepurl.com
623,awotherspoonha,mPcc5uO6cA4,apalatinoha@answers.com
624,dcookeshb,kFphUlxGbO,eohogertiehb@tinyurl.com
625,jburnsideshc,iCuo6pE32jc,srudgleyhc@gmpg.org
626,fbattrickhd,BU59XAhRw0o,achristmashd@independent.co.uk
627,dmcquillanhe,XBeZxbukbQIz,hswalwelhe@prlog.org
628,jnervalhf,JjFcid,mhartuphf@friendfeed.com
629,gwinsborrowhg,InYNsq9tPqX,cskelcherhg@va.gov
630,hkennewayhh,3QtA58O4,awhysallhh@comsenz.com
631,cabernethyhi,qIbQTQh,rboultwoodhi@uiuc.edu
632,abowlandshj,7bseaArk,mburdasshj@washington.edu
633,bvictoryhk,ctfeB7TqNwAG,asimonazzihk@goo.ne.jp
634,lleahairhl,OxRhh7gXuC8,sscasehl@statcounter.com
635,hfrostdickehm,g7RHtvf,iyearnhm@columbia.edu
636,lmarrionhn,Mo8YQQfzR5N,mbradlyhn@behance.net
637,spiserho,EjvOORp9JMY,qlefrancho@opensource.org
638,jphoenixhp,a3cwUZcZ,ttipperhp@jiathis.com
639,pcrottyhq,TA2RemxC,ecragheadhq@angelfire.com
640,rshufflebothamhr,SBkPjwYvpqDb,lalelsandrovichhr@pinterest.com
641,vhillabyhs,NfNkYEwmpS,amacintyrehs@weibo.com
642,cwitherupht,rfGmB8ZA,bpaulucciht@fc2.com
643,wfessierhu,W9oIFt05p,jwoodallhu@mac.com
644,bchatenethv,UIpYze,nfermingerhv@blogtalkradio.com
645,jnicklinhw,Qsu03LSf,onarbetthw@163.com
646,zmckevinhx,WySenmofIx1,droelofsenhx@webs.com
647,sivankovhy,wXrYqsLw9D,wguildfordhy@yahoo.com
648,dstreakhz,Vok43mOVD,lscoularhz@businessweek.com
649,cberresfordi0,cyuw3EKw,mpethybridgei0@unesco.org
650,abonfieldi1,o3VJQG,bphilpini1@globo.com
651,mroddai2,d4Z9GG5p3TXu,bvaiseyi2@bravesites.com
652,kpaolettii3,S42Omoo8Loj,oformillii3@statcounter.com
653,rwooldridgei4,Z5bUEdQdHlcH,eilyushkini4@japanpost.jp
654,rschelligi5,2RmwNxcrWV,jdorrinsi5@mysql.com
655,lsodeaui6,cOD1hZfPgy,jdufairei6@pen.io
656,kaspinelli7,bee1JBy,mshevlani7@aol.com
657,asangoi8,m2nMlc6u0N,gtedahli8@cyberchimps.com
658,htraheari9,LuUz1RuZJA,magotti9@mail.ru
659,ahasseyia,AaGOv1Rnm2Z,gfrielia@weebly.com
660,gdumbareib,865MtkhJ9z2,jgailorib@digg.com
661,tcardozoic,07RZSWPi8XqT,mmottleyic@goodreads.com
662,mybarraid,2FjW4a0K,wbrundrettid@bluehost.com
663,espavonie,93zQbIyJu,rhardiie@nsw.gov.au
664,dgrassiif,YJewKis4,alefriecif@hatena.ne.jp
665,pgalbrethig,GPRlG8ua,bwatkinig@nationalgeographic.com
666,eelsopih,xBF31f4qQ4Jq,sjennoih@nbcnews.com
667,pmenichelliii,3dowbBuprv,cchattenii@oakley.com
668,tgallatlyij,rCnzDBuA8PQn,iborkettij@facebook.com
669,nblanchik,dOeh8miY,wweepersik@ted.com
670,amorcombeil,OY044nXUo,ipilleril@ycombinator.com
671,dcattonnetim,P6I3lQInkEU,asomervilleim@live.com
672,oriccardin,d1ccwDV,mocrevanin@ed.gov
673,ceannettaio,GS8MkLshMClA,kingletonio@google.com
674,fmcmichellip,ogBWVq,jdightip@dell.com
675,bmcavincheyiq,3sw2WGUar2RR,athameiq@altervista.org
676,ngriniovir,O5kKEuEc,mmaymanir@senate.gov
677,pokelleheris,S7CbS5,cmcgerraghtyis@prnewswire.com
678,rlabordait,19RCNDkbUMZo,sbarnishit@disqus.com
679,cmannioniu,o5ySSWqp,lstebbingsiu@reverbnation.com
680,bhendeniv,wCJdFHyufW6I,mdiggensiv@ftc.gov
681,erankineiw,r8KQX0p,bwheateriw@mlb.com
682,gpyrkeix,XndxkF,smatuszkiewiczix@domainmarket.com
683,dyoelliy,2hPiro,smcneachtainiy@discovery.com
684,lleasoriz,ograO15Ss2dd,emarqueziz@smugmug.com
685,jderryj0,QIVTIt,csinclairj0@google.nl
686,grobicj1,mvXoN1U0oTP3,avequej1@issuu.com
687,hwithurj2,qGddM5iN,gandreollij2@phpbb.com
688,sfrickej3,mdHX9Wy6C,kneylanj3@twitpic.com
689,cbatchelorj4,kSQpWb0d2,rfauldsj4@artisteer.com
690,tkehrij5,JVcW96,bdoddrellj5@dailymotion.com
691,dgilleasej6,a8cKbCnDUS,gtisunj6@boston.com
692,vdickerj7,O4gCBntOo8,kgolightlyj7@nymag.com
693,asweynsonj8,DtBAGi,amclleesej8@sphinn.com
694,drosengrenj9,7Y9CqetwzZ0,rdewittj9@nih.gov
695,eporcherja,bJH0ppy,ccapronja@psu.edu
696,hgurkojb,As5faAWSRtmj,tmacgovernjb@stanford.edu
697,ebossonjc,AIyoJInDYPM,koliviajc@si.edu
698,cforanjd,0XmA0FV,rmctrustamjd@wikispaces.com
699,jdeathje,bdiNh6,kworsfieldje@webeden.co.uk
700,ecoulmanjf,WLywQdLz,maylinjf@meetup.com
701,bglanzjg,DOhXrelqnl,jbruynsjg@cpanel.net
702,cpetrasjh,TI6mOm,fhuckabejh@tumblr.com
703,rtileyji,wyxagbaCu,akeizmanji@4shared.com
704,tspickettjj,kPj0O7,kmacneilliejj@wikipedia.org
705,tpentelojk,L2fkEOiDC,bsouterjk@jugem.jp
706,nrushworthjl,ITtpdc3ql,cpenbarthyjl@discovery.com
707,vmacanellyejm,nuRzjbxa,areinbechjm@springer.com
708,kmchaffyjn,9XRLhK,hbreemjn@wiley.com
709,lwilderspoonjo,v2BIbcA,cfoffanojo@fema.gov
710,caloshkinjp,DJOiDyuHr,beddisonjp@feedburner.com
711,gpurvissjq,JqY1K8g,browlandsjq@clickbank.net
712,phabertjr,2S197G8PmgF9,kcreakjr@canalblog.com
713,bmaharryjs,Feyw96,avassejs@edublogs.org
714,rretallackjt,rkbgUV88J,rcornilsjt@scientificamerican.com
715,cvillaltaju,wALvmpPcdUWW,dbonwickju@disqus.com
716,kdennesjv,ZLr2SKZAl3N,jbaeldejv@nationalgeographic.com
717,bsimonettojw,vZQ1EDwQtz,csmithsonjw@bluehost.com
718,mmacginlayjx,id3vyhR5,rsemirazjx@craigslist.org
719,yreedsjy,ZrNyFvwH,sbranscombjy@wiley.com
720,tculloteyjz,yCCtGDyzJ,lkochljz@marriott.com
721,wstrachank0,V784kr9R5,bhollingtonk0@techcrunch.com
722,hmetschkek1,MyiVUpO,ebragerk1@army.mil
723,pwingeattk2,pR2vcZ,debbinsk2@tinypic.com
724,dbrogiottik3,4x2TqDWg,nshortok3@abc.net.au
725,cdoogk4,EpRTtXyapj,vmanuelek4@qq.com
726,krodellk5,obd4I6d2l,obartoszekk5@bbc.co.uk
727,ecampanellek6,ZwJmjxhXH,lpapenk6@fda.gov
728,khakenk7,KtODELvUCO,jmaxworthyk7@si.edu
729,gsibleyk8,rXqzd4ng,amarquetk8@microsoft.com
730,kmaylingk9,CAyjjKQeDU,epantonek9@comcast.net
731,msiburnka,BQNnt75uXub,kgellibrandka@wunderground.com
732,mdheninkb,IZ9kIJYOK,nedelstonkb@redcross.org
733,dbrownkc,C3nonBBvRNL,edarbonkc@csmonitor.com
734,ctumbridgekd,g6YzAG8QTJLv,bfaierskd@craigslist.org
735,azinike,EM3F5nl,ndeortegake@oakley.com
736,atulkkf,irJtrgeCeJ,cohenerykf@discuz.net
737,jbenediktssonkg,jAWeVM,cosburnkg@nydailynews.com
738,jmorgankh,bGYODGAYzSq,aeliasenkh@shutterfly.com
739,whinscheki,nSX7Iy,mdrohunki@w3.org
740,dnystromkj,gX7ZW4pg,fcahalinkj@latimes.com
741,nlintskk,hANlr1DKRzc,adalesiokk@addtoany.com
742,rlittkl,FK69iqsq,aocallaghankl@census.gov
743,kolongainkm,X82Sdt,ithreadgoldkm@tripadvisor.com
744,jkitskn,XXNoMvU601,bhoyeskn@imdb.com
745,mlegraveko,XnvbFqIHlQx,sguislinko@mashable.com
746,srosenkp,rLrHLWBFyEaZ,mawtonkp@cnet.com
747,skopeckakq,9NlEwr,acureekq@soup.io
748,jarrowsmithkr,eWlbVrN,dbirdseyekr@php.net
749,rhowlettks,t4HboFxsHk9,pruckhardks@boston.com
750,gshmyrkt,1FHL7zt4tz,sdudneykt@delicious.com
751,emahyku,I2zfLTo03dD,jrobinettku@dagondesign.com
752,ckubasekkv,ntdJd4l,bdeackeskv@cdbaby.com
753,cziemkw,RvxvYJo48,jgouldiekw@virginia.edu
754,dschaumannkx,Ll31RQU,rosgorbykx@4shared.com
755,aaskellky,kbSegAq,agillhespyky@census.gov
756,lboylandkz,imZZl7,aeastgatekz@naver.com
757,lpettifordl0,WE4HdW3RUJ,mrhulel0@fc2.com
758,tduntonl1,wuevcb,mmethingaml1@state.tx.us
759,mmontrosel2,6CI75IA5c,gpitcaithlyl2@yahoo.co.jp
760,lsuccamorel3,PUsAMnqB,mtitchardl3@spotify.com
761,nmaasel4,Kv2dBhsrKqX,cwigginl4@t-online.de
762,kloodyl5,5zFRJaRjQb,mclairel5@alexa.com
763,amacalpynel6,dG8HoELD,kdregerl6@slate.com
764,fslaynyl7,ci3t6p7BqWNQ,ccosbyl7@ted.com
765,cmattsonl8,qpJVbMySrVif,cburbidgel8@tumblr.com
766,vdrabblel9,mJHAwZVSA8WN,mwhitlowl9@chron.com
767,zalexsandrevla,Y7jFzIOc,bjamesla@nyu.edu
768,msaralb,XQfuvQ,lkaserlb@seesaa.net
769,elanelc,ABiZy1,gironslc@sciencedaily.com
770,cevesqueld,VM8TMGX,fleebld@gravatar.com
771,scunniffele,kJEVQZ,lmoubrayle@reuters.com
772,wdicksonlf,KtWxcmvU5B0g,dlightwinglf@ox.ac.uk
773,lgreeplg,ZufI7jJ,ksmeadlg@apple.com
774,dsladelh,kDVCQjHa,bhartwrightlh@tumblr.com
775,gmacskeaganli,SGcfvLqHP,rbarlthropli@skyrock.com
776,ndillingstonlj,yzgnoWNA,ctrahmellj@hubpages.com
777,sfutterlk,iKXrkhwXffH,amcanultylk@bloglovin.com
778,kericssonll,OUuV6Gql6lML,aklimowskill@wunderground.com
779,nelsmorelm,pIiPgJdj,mstanneylm@epa.gov
780,aspitellln,6xwikWS2Vd5a,ajodrelleln@typepad.com
781,rlefleylo,TTyQl31q8W1,mpetfordlo@exblog.jp
782,dfendtlp,P0sdre,tharesignlp@51.la
783,doenlq,TpEKL8k,gtabourellq@alibaba.com
784,uharteganlr,5VFqj7,mstilllr@cdbaby.com
785,elawlanls,GOcS2q,aavramchikls@aboutads.info
786,ivandaalenlt,iT0yvV4V,ccavalierlt@purevolume.com
787,mscarelu,FXCUMEH,vlittletonlu@i2i.jp
788,cbewleylv,K7i6BNtY,gmordelv@flavors.me
789,hboayslw,sImx94,lgirallw@mlb.com
790,tseeviourlx,uRVSDt4ktlCq,bwildbloodlx@shinystat.com
791,sjaumely,6x91V8pbxGn,mshermanly@youtube.com
792,mreeslz,oSsATQya,gsalacklz@myspace.com
793,fbiernatm0,wCOIUdKVy26r,vpynem0@gravatar.com
794,osillism1,EHOBFjQ,dritmeyerm1@discovery.com
795,bpicottm2,4RuGykQ,bgladdorm2@bloglovin.com
796,nbrameldm3,32cNtXysy,ssallism3@dedecms.com
797,cnoorm4,vOXki8JN,jmccaffertym4@last.fm
798,klepinem5,8GxLZU0R,mmayfieldm5@yale.edu
799,cfiremanm6,idDENhruj,gblakemorem6@wisc.edu
800,ksprym7,R1sPeH,dmanginm7@dailymotion.com
801,iszapirom8,gPLCKnqTD7za,ycreeberm8@blogspot.com
802,tthompstonem9,RylymlR1tfg,wcantrellm9@cmu.edu
803,jdowema,fDCHJCX,eplumbleyma@facebook.com
804,lhannahmb,COGhBQ5,cmargachmb@google.it
805,rabellmc,vD7ebZc,brookledgemc@facebook.com
806,barbormd,7zyPN7,logleymd@bizjournals.com
807,wmillichipme,QoCpKLPOr,mlindeme@shareasale.com
808,dlovattmf,diGwkEigyz3O,omckennymf@businessweek.com
809,sbloomanmg,L7J0K8C1r,remelinemg@unblog.fr
810,fhalltmh,04yAbo,jtrevaskissmh@bloglovin.com
811,nsmurthwaitemi,86ySiuylwQT,cleggesmi@live.com
812,oredmillemj,2X2b60qK1,nblandamoremj@spotify.com
813,dattkinsmk,YUtWncoh,dcattlowmk@nature.com
814,rwooffindenml,DS5HzI,ecousinsml@wordpress.com
815,kjollyemm,sAc33wW,datcockmm@virginia.edu
816,aismailmn,A3suaxKm2EhV,cbucknillmn@unblog.fr
817,blloydsmo,2HLfdS,lpablosmo@baidu.com
818,calawaymp,ldt7Vkw,btonkinmp@infoseek.co.jp
819,rcraykmq,UwuhoM0,lellsmq@homestead.com
820,iwaterhousemr,sMThjpV,mtolputtmr@usgs.gov
821,tjannaschms,jFXswd0u,mbrunelms@npr.org
822,jjewellmt,kgVYMVS,ccorpsmt@blogs.com
823,khannabussmu,Jm1GyODbGFm,gcarslakemu@imgur.com
824,mhanssmannmv,1JxHEdp,mcoalburnmv@hao123.com
825,rredmanmw,JdiaOc,gwildingmw@pen.io
826,wlicciardomx,UXJMyz,alaurentymx@technorati.com
827,mmangenetmy,0huuxPURGz,ftrahairmy@scientificamerican.com
828,vcasonmz,3uVxGAK,bsparrymz@aboutads.info
829,shawtreyn0,ME9rUG6D4j,vcherrisonn0@parallels.com
830,nduckerinn1,PeEVq3,zdallemoren1@sakura.ne.jp
831,pthormwelln2,ozlqwbV0,jcanen2@symantec.com
832,rabelwhiten3,7GbO2KlhN,sbosnelln3@people.com.cn
833,blorrawayn4,zXtaSwX,zgunnn4@ihg.com
834,plancetern5,UXiIVhXSh,wdumbrelln5@nytimes.com
835,lpresseyn6,Shtu1OK,lcatlinn6@icio.us
836,dreddecliffen7,AOA7Xu,ametterickn7@mayoclinic.com
837,jfernn8,rbXo4dQf8O,jlankfordn8@msn.com
838,cgoodbairnn9,Cy6AvY,tyoxenn9@jimdo.com
839,osalernona,uHdoNwV2qBlg,sarmytagena@tripod.com
840,jcarrennb,aDgRGuWz8ijC,cdickingsnb@scientificamerican.com
841,khurlenc,k7BGgd,nshatliffnc@cisco.com
842,mfergiend,aO26H91q6UnB,bwimsettnd@behance.net
843,kseneschalne,vdGIuUCR,jgibbinne@lycos.com
844,eparmernf,TzFiuwvR,chastynf@mapy.cz
845,gkaleyng,xsImXpptunz,mizatng@wix.com
846,rtrimmillnh,ClUUkai,mholsteinnh@adobe.com
847,kswendellni,qnrlgwqlZ,gcuredaleni@hud.gov
848,arushmerenj,wCWCNT,lhebblethwaitenj@furl.net
849,nsearlenk,8BxZhQGaji,vredfordnk@java.com
850,ialdamnl,OVRjoS,piorinl@illinois.edu
851,uwrightsonnm,cvUhScbL,emaffiottinm@sfgate.com
852,cvaznn,qeXtP5D,msemeradnn@smh.com.au
853,mmauserno,TNDEGHYU,gbastenno@statcounter.com
854,sredfieldnp,NSe52VawZ,msandarsnp@cdbaby.com
855,oskeechnq,w68pDH,bsileynq@theguardian.com
856,hhaddacksnr,HL0iMFk6IO,ddingivannr@paypal.com
857,pduftonns,AXgV0Wry,dcreggns@ucoz.com
858,agrubeynt,oUzTQ2Ssd,cteeknt@usatoday.com
859,iwilkowskinu,5penGv5c2,ocollyernu@yellowbook.com
860,bjikovskynv,eh9WUFySDOH,dmartinovskynv@mlb.com
861,cblackadernw,1pZ4tR65dUm7,mnoddlesnw@mlb.com
862,jquinnetnx,juGgs7t,mspantonnx@ask.com
863,rroparsny,D8tdqMJ1,jklimkowskiny@ow.ly
864,tbardellnz,ufSt9mYolI3Q,mdainesnz@prnewswire.com
865,sheareo0,pRo5A0xR,bmulhallo0@unicef.org
866,rtomasio1,Oto04CBBk,hmerioto1@sohu.com
867,bgreydono2,P3GBqsKItz,dmanntschkeo2@about.me
868,pkolakowskio3,WyUWvBC1,mwiddopo3@baidu.com
869,lpalao4,3SoqQqUvmyQ,pbonfieldo4@com.com
870,bmoormano5,RTR9hQUlYD,rcutridgeo5@skype.com
871,ejosuweito6,OnaA1G,bwarwickero6@noaa.gov
872,ahodgono7,0DEST3,lelderidgeo7@wunderground.com
873,rchanderso8,CqGbeHlT,ksafeo8@4shared.com
874,zbaxstairo9,GsPdllH23,lcathcarto9@goodreads.com
875,tmapsonoa,UNU3ikHvUANo,nabbattoa@theguardian.com
876,amullordob,ArldJEWxr,wgisbyob@ovh.net
877,nfilippozzioc,CZZv2O0,acorstanoc@joomla.org
878,mhackneyod,Xn6WFB,jeakinsod@reverbnation.com
879,lduggetoe,4Ek1JRoaZsWY,tmacdowalloe@wordpress.org
880,rwyndhamof,eu3K8MGr2,mblemingsof@netvibes.com
881,awhitsunog,s8UlbQ3vzv,cbaptyog@tripadvisor.com
882,bnaultyoh,DsKUUZC,rdunkertonoh@technorati.com
883,rlandreanoi,o0hcntra6aJH,tibbetsonoi@pagesperso-orange.fr
884,ctrattonoj,oNsdN2,dlangdridgeoj@mediafire.com
885,kbottinelliok,HizrJCFXwu,athowok@feedburner.com
886,jzukermanol,PAtmWyihA7EY,camorol@indiatimes.com
887,epignyom,7CyTsGLF,ncastielloom@hud.gov
888,agahanon,ystcbR4,jvasnevon@economist.com
889,vbravingtonoo,JLrt4yyZg3J,ppavlishchevoo@seesaa.net
890,ldeeop,87YxsM,ddavidsonop@altervista.org
891,djamiesonoq,cI9fSlryfxy,csweetnamoq@furl.net
892,bbrightor,3WDm3P,aokinedyor@nifty.com
893,crugeros,TWq2OB,vgallearos@princeton.edu
894,gfeasterot,e2dGbS,hflatteot@paypal.com
895,kflecknoeou,zQAWxAoLN,pbrabbenou@ucsd.edu
896,dellamanov,qobPt2,ebaswallov@phoca.cz
897,mballchinow,EcFiH5Dd06Q,jspinageow@angelfire.com
898,tgyngellox,l3X6hjVfa,wrubertox@theglobeandmail.com
899,kgooderoy,8l1CWmr,egynnoy@disqus.com
900,bbeadeloz,YhfXq2nuxT1,hgordgeoz@clickbank.net
901,glacroutsp0,mbISipDPcvCq,grosencwaigp0@usatoday.com
902,dzuppap1,nA40wiF,bpinyonp1@google.it
903,vfrowdp2,ow5bQXfrPyd,wcunahp2@springer.com
904,cnarramorep3,Brntfl17TP,bmaccarranep3@ovh.net
905,fhunstonep4,2ryx8rdV,imarietp4@clickbank.net
906,ginglesentp5,QRA32TaPOEu,dbatep5@digg.com
907,bhoylandp6,mt8X7nKirJ31,fsapenap6@spotify.com
908,szuenellip7,TR60txk,mleamanp7@example.com
909,afarnesp8,FunnWuDNy,ygreedingp8@artisteer.com
910,rcoleridgep9,7rlaPVH6vHwm,fbaxendalep9@redcross.org
911,lpietronipa,oML50CVV,cmacaskillpa@answers.com
912,kartonpb,QgXdugK,wtipperpb@linkedin.com
913,deckerypc,nM3rQg,omenghipc@instagram.com
914,mlynskeypd,CwYig7gmrkfE,gkobierrapd@economist.com
915,bjodrellecpe,SbsYeGVPGp3,icassinpe@printfriendly.com
916,vgrenterpf,ZpQ1SMxTJAz,cfiermanpf@people.com.cn
917,adeppenpg,1rGdST8lIY9y,ggaynepg@addtoany.com
918,idennettph,UGUtZ5X,cfowlstonph@netscape.com
919,gpearlpi,U2i8T512,oupstonepi@tamu.edu
920,meimpj,7G5VQP,kaindraispj@youku.com
921,ekrausspk,TwBVO2ue,odurnallpk@mayoclinic.com
922,lhazelgrovepl,h83K4DWWR,aboleynpl@hexun.com
923,apammentpm,RPugB1qmG2c,mgiblinpm@ucoz.ru
924,vgratrexpn,PdtKZiv5UO4V,ocastellpn@wordpress.com
925,clotteringtonpo,8jIS1rVB8El,rclintpo@prweb.com
926,mkleinhandlerpp,ovMsL2nZ,rklulikpp@exblog.jp
927,rhaldenbypq,L9ax35FUrVur,mpougherpq@amazon.com
928,gcollisonpr,kA1702wBv,dlethleypr@blogtalkradio.com
929,mgerberps,H2NLW2,jaluardps@about.me
930,dakeherstpt,XREfa3XUA,gfeldmesserpt@paypal.com
931,ckerfodpu,EwZ7dwWtAu,tgoakspu@trellian.com
932,cbickfordpv,DumaZSM9vC,sduckerinpv@yellowpages.com
933,lmccurlyepw,QJ4N8lqk7dMG,rabbeypw@ft.com
934,fomonahanpx,lboLfTUFgToS,sleadbeaterpx@pen.io
935,kriccellipy,V1cdOug,bbennettpy@nyu.edu
936,gdomleopz,FkVEoq,ekislingburypz@sphinn.com
937,jdanilchevq0,haradGsm3G,rreganq0@yolasite.com
938,lsmallcombeq1,JokOlBmS,awrightq1@spiegel.de
939,iwelbeckq2,123yXTH,mjochananyq2@jimdo.com
940,ecorainq3,pPq2ldPg,fbeckhamq3@jugem.jp
941,rphillimoreq4,X4VpEto7oR,pmccorleyq4@bing.com
942,hmcbayneq5,vOaNnYdTkyF,amustooq5@harvard.edu
943,sdadeq6,uTb3zJ,dlinnyq6@msn.com
944,ajenceyq7,K5IXkmCQniW,ostainingq7@npr.org
945,abonifazioq8,lx2UzRV,wmcmichaelq8@geocities.jp
946,jrhubottomq9,6MhxUtt,modooghaineq9@dedecms.com
947,wvannucciqa,j9euWppPV8,abraysherqa@sohu.com
948,vfarquarqb,0DU0ZdrKyob,slacaseqb@a8.net
949,dsparyqc,HN90nMPM7,jvogeleinqc@ustream.tv
950,mcordenqd,yXrsa5Km,tikinqd@blogspot.com
951,margueqe,RC5ouA,dodamqe@abc.net.au
952,mrivardqf,E6HJb2uLMLS,gfiddemanqf@bbb.org
953,kmatthiasqg,1wERaHgK,gstrickettqg@bbb.org
954,lfullowayqh,O0IrChklA,tdulakeqh@wordpress.org
955,mgristwoodqi,Zm9N6ebZRn,acainqi@ask.com
956,ecudqj,njbAHkPg,efrottonqj@earthlink.net
957,bdustqk,eEZqFXuQMXvg,aeykelqk@feedburner.com
958,tcroucherql,992qRBS,gardlingql@yellowpages.com
959,rmckellenqm,KfmnLVgXjSuo,eroelofsenqm@symantec.com
960,bretallickqn,xJd6LbPL3lX,fculshawqn@uiuc.edu
961,mgitthouseqo,KRTqQqSKz,mruprechtqo@google.cn
962,bcrippsqp,0BTkxkQvlS,kcrothersqp@ca.gov
963,alambotqq,ZY5jlxoe,cdyshartqq@disqus.com
964,mshelperqr,3k8MNcfz,abecraftqr@macromedia.com
965,mgreenstreetqs,NkF2IxoM1M9,dzuponeqs@themeforest.net
966,lclaigeqt,QYdR8fkvZ,swernyqt@bandcamp.com
967,glesserqu,w26EVhi,vrosenfarbqu@free.fr
968,rlilloqv,NpCuYyawSJlU,landrieuxqv@kickstarter.com
969,kpetrelliqw,Bydp7rhlZX,ljarrelqw@usgs.gov
970,scartlidgeqx,EsQDB7vW,dcreffieldqx@intel.com
971,wdiggesqy,lHGqF3KIxyPr,akilgourqy@cyberchimps.com
972,elerwayqz,PlD3xTtv,rdivallqz@tinyurl.com
973,bfigurskir0,9IBGlm6eeSI,twestbrookr0@istockphoto.com
974,cscalar1,Z1syo5ZZnrU,schampagner1@comsenz.com
975,blesieurr2,Fn6Oc9,celderidger2@wired.com
976,mcoulterr3,g9vhjKQu,bloeberr3@hatena.ne.jp
977,tburdettr4,5OIJDa,pmcclochr4@dot.gov
978,kwillsheer5,uclzVjcN5,rwhissonr5@oaic.gov.au
979,gessonr6,McHMzLXjm,bduckerinr6@edublogs.org
980,worsayr7,CQL4teQaqm,dtafanir7@gizmodo.com
981,mfraczekr8,pYnPirVW4Hra,hadnamsr8@feedburner.com
982,rmayallr9,uNO9yXmL,koleszczakr9@independent.co.uk
983,bhaggerwoodra,8uJJFDOOGYT,jsylvainera@epa.gov
984,rbussettirb,f7vpGh5xF,dfeavearyearrb@ocn.ne.jp
985,rtourvillerc,JGTUWk,eodneyrc@php.net
986,lnarramorrd,AO7tgWSe3ar,lheckrd@t.co
987,acopnallre,y6r24OBaIWr,nmapplebeckre@latimes.com
988,ggillanirf,7DrZTfJk1,fnoterf@hexun.com
989,cwisniowskirg,4roA3Tpk8uA1,pmenaulrg@usda.gov
990,scoulthardrh,nYbxDlW,bclaasenrh@dailymotion.com
991,mkickri,tupmjm,lpercyri@moonfruit.com
992,esillarsrj,p92niT3nE01,mtytherj@spiegel.de
993,dkennardrk,UaLGfp6Gjsxe,cshevellrk@topsy.com
994,wrennerrl,Q6zUWxMEblHP,ctoomeyrl@dagondesign.com
995,rzapaterorm,aGSb5LxrJ7m,lbeekmannrm@prlog.org
996,atumarn,a9vomEm8Z5,gchiommientirn@abc.net.au
997,fleaningro,roAGcijm,gayersro@imdb.com
998,ocordinglyrp,EyH7IToz,lhankardrp@senate.gov
999,iallumrq,qUp9qA,cclawleyrq@sbwire.com
1000,gbuistrr,JZCMlNq,amcenteggartrr@cbsnews.com
